feature,importance
Trinuc_ACT,0.15057431798502457
Trinuc_ACC,0.122666050166806
Trinuc_AAC,0.10710385426805923
Dinuc_CC,0.07645470633000655
Dinuc_CG,0.06766813472923273
Dinuc_GA,0.05560330548150742
Dinuc_AC,0.038623532062330344
C_freq,0.038612866453404476
GC_skew,0.02757140773983254
T_freq,0.02003587920071269
Dinuc_CA,0.017388700435896055
AT_skew,0.014969448660261427
GC_content,0.01399441147311149
AT_content,0.013463262690795745
Shannon_entropy,0.012160168887287538
